sequence,damino_filter,length_filter,cationicity_filter,hydrophobicity_filter
IYyIvaYGRVlWIA,1,1,0,0
HSWMNMMFir,1,1,0,1
vVVFRVWAfFi,1,1,0,0
KyHiriAMVNYVAI,1,1,0,0
ypYmQtWPWTYVWK,1,1,0,0
KWAYkMmTrvIaKNF,1,1,1,1
wSNAAYYkqQNLaA,1,1,0,0
dLVVFVLGKWQMqkkwApM,1,1,0,1
GPPtQmWLFDTkTTFK,1,1,0,0
KLvmMVQsAPCWqNiL,1,1,0,0
LKYcKMcVWaWLVwM,1,1,0,0
vlaHmKEKAKEW,1,1,0,0
aRVCmWLcCWTK,1,1,0,0
WAKsArHEVLmK,1,1,0,0
cIHDRIINIQGriy,1,1,0,1
WLfGYAaVQM,1,1,0,0
IwWILRDmmGKCGK,1,1,0,1
SkLCMIiaIFVI,1,1,0,0
GVrIWNWWgKITRfCh,1,1,1,1
WfALIrIaGV,1,1,0,0
IWifKAmWWRI,1,1,0,0
mIHTrYMRCS,1,1,0,1
MRYLVWaLSWgViIRInNIR,1,1,1,0
WFNmaVEayYVTIMA,1,1,0,0
qAVVLMAdQALApLEWILh,1,1,0,0
SYFkryWRMRNNn,1,1,1,0
YWLKLwIkvKKrRLL,1,1,1,1
